#RUN, #TEST, TOTAL_TIME, ITERATIONS, SINGLE_COMPUTE_TIME
0, 0, 15.01599, 2203550, 0.006
0, 1, 15.01599, 471902, 0.031
0, 2, 15.031, 812837, 0.018
